{"$schema":"http://schema.management.azure.com/schemas/2015-01-01/deploymentTemplate.json#","contentVersion":"1.0.0.0","parameters":{"factoryName":{"type":"string","metadata":"Data Factory name"},"AzureBlobStorage1":{"type":"string"},"AzureDataLakeStorage1":{"type":"string"}},"variables":{"factoryId":"[concat('Microsoft.DataFactory/factories/', parameters('factoryName'))]"},"resources":[{"name":"[concat(parameters('factoryName'), '/hospital_pipeline')]","type":"Microsoft.DataFactory/factories/pipelines","apiVersion":"2018-06-01","properties":{"activities":[{"name":"hospital_dataflow","type":"ExecuteDataFlow","dependsOn":[],"policy":{"timeout":"0.12:00:00","retry":0,"retryIntervalInSeconds":30,"secureOutput":false,"secureInput":false},"userProperties":[],"typeProperties":{"dataflow":{"referenceName":"hospital_dataflow","type":"DataFlowReference","parameters":{},"datasetParameters":{"source1":{},"source2":{},"sink1":{},"sink2":{}}},"staging":{},"compute":{"coreCount":8,"computeType":"General"},"traceLevel":"Fine"}}],"policy":{"elapsedTimeMetric":{}},"annotations":[]},"dependsOn":["[concat(variables('factoryId'), '/dataflows/hospital_dataflow')]"]},{"name":"[concat(parameters('factoryName'), '/hospital_dataflow')]","type":"Microsoft.DataFactory/factories/dataflows","apiVersion":"2018-06-01","properties":{"type":"MappingDataFlow","typeProperties":{"sources":[{"dataset":{"referenceName":"hospital_admn_source","type":"DatasetReference"},"name":"source1"},{"dataset":{"referenceName":"death_cases_source","type":"DatasetReference"},"name":"source2"}],"sinks":[{"dataset":{"referenceName":"Hospital_sink","type":"DatasetReference"},"name":"sink1"},{"dataset":{"referenceName":"Hospital_sink","type":"DatasetReference"},"name":"sink2"}],"transformations":[{"name":"lookup1"},{"name":"select1"},{"name":"split1"},{"name":"derivedColumn1"},{"name":"select2"},{"name":"derivedColumn2"},{"name":"derivedColumn3"},{"name":"select3"}],"scriptLines":["source(output(","          country as string,","          indicator as string,","          date as string,","          year_week as string,","          value as integer,","          source as string,","          url as string","     ),","     allowSchemaDrift: true,","     validateSchema: false,","     ignoreNoFilesFound: false) ~> source1","source(output(","          country as string,","          country_code as string,","          continent as string,","          population as string,","          indicator as string,","          daily_count as string,","          date as string,","          rate_14_day as string,","          source as string","     ),","     allowSchemaDrift: true,","     validateSchema: false,","     ignoreNoFilesFound: false) ~> source2","source1, source2 lookup(source1@country == source2@country,","     multiple: false,","     pickup: 'any',","     broadcast: 'auto')~> lookup1","lookup1 select(mapColumn(","          country = source1@country,","          indicator = source1@indicator,","          reported_date = source1@date,","          year_week,","          value,","          source = source1@source,","          country_code,","          population","     ),","     skipDuplicateMapInputs: true,","     skipDuplicateMapOutputs: true) ~> select1","select1 split(like(lower(indicator), '%daily%'),","     like(lower(indicator), '%weekly%'),","     disjoint: false) ~> split1@(daily, weekly)","split1@daily derive(hospital_occupancy_count = iif(like(lower(indicator), ('%hospital occupancy%')), value, 0),","          population = coalesce(population,'N/A'),","          country_code = coalesce(country_code,'N/A'),","          icu_occupancy_count = iif(like(lower(indicator), ('%icu occupancy%')), value, 0),","          country_code_3_digit = iif(length(country_code)==3, country_code, 'N/A'),","          country_code_2_digit = iif(length(country_code)==2, country_code, 'N/A')) ~> derivedColumn1","derivedColumn1 select(mapColumn(","          country,","          reported_date,","          source,","          population,","          hospital_occupancy_count,","          icu_occupancy_count,","          country_code_3_digit,","          country_code_2_digit","     ),","     skipDuplicateMapInputs: true,","     skipDuplicateMapOutputs: true) ~> select2","split1@weekly derive(country_code_2_digit = iif(length(country_code)==2, country_code, 'N/A'),","          country_code_3_digit = iif(length(country_code)==3, country_code, 'N/A'),","          new_hospital_occupancy_count = iif(like(lower(indicator),'%hospital occupancy%'), value, 0),","          new_icu_occupancy_count = iif(like(lower(indicator),'%icu occupancy%'), value, 0),","          reported_date = coalesce(reported_date,'DD-MM-YYYY'),","          source = coalesce(source,'N/A'),","          population = coalesce(population,'N/A'),","          year = left(year_week,4),","          week = right(year_week,2)) ~> derivedColumn2","derivedColumn2 derive(reported_week_start_date = toDate(concat(year, \"-01-01\")) + ((toInteger(week) - 1) * 7) - (toInteger(toString(toDate(concat(year, \"-01-04\")), \"u\")) - 1),","          reported_week_end_date = toDate(concat(year, \"-01-01\")) + ((toInteger(week) - 1) * 7) - (toInteger(toString(toDate(concat(year, \"-01-04\")), \"u\")) - 1)+6) ~> derivedColumn3","derivedColumn3 select(mapColumn(","          country,","          reported_year_week = year_week,","          source,","          population,","          country_code_2_digit,","          country_code_3_digit,","          new_hospital_occupancy_count,","          new_icu_occupancy_count,","          reported_week_start_date,","          reported_week_end_date","     ),","     skipDuplicateMapInputs: true,","     skipDuplicateMapOutputs: true) ~> select3","select2 sink(allowSchemaDrift: true,","     validateSchema: false,","     umask: 0022,","     preCommands: [],","     postCommands: [],","     skipDuplicateMapInputs: true,","     skipDuplicateMapOutputs: true) ~> sink1","select3 sink(allowSchemaDrift: true,","     validateSchema: false,","     umask: 0022,","     preCommands: [],","     postCommands: [],","     skipDuplicateMapInputs: true,","     skipDuplicateMapOutputs: true) ~> sink2"]}},"dependsOn":["[concat(variables('factoryId'), '/datasets/hospital_admn_source')]","[concat(variables('factoryId'), '/datasets/death_cases_source')]","[concat(variables('factoryId'), '/datasets/Hospital_sink')]"]},{"name":"[concat(parameters('factoryName'), '/hospital_admn_source')]","type":"Microsoft.DataFactory/factories/datasets","apiVersion":"2018-06-01","properties":{"linkedServiceName":{"referenceName":"[parameters('AzureBlobStorage1')]","type":"LinkedServiceReference"},"annotations":[],"type":"DelimitedText","typeProperties":{"location":{"type":"AzureBlobStorageLocation","fileName":"hospital_admissions_sample.csv","container":"demo"},"columnDelimiter":",","escapeChar":"\\","firstRowAsHeader":true,"quoteChar":"\""},"schema":[{"name":"country","type":"String"},{"name":"indicator","type":"String"},{"name":"date","type":"String"},{"name":"year_week","type":"String"},{"name":"value","type":"String"},{"name":"source","type":"String"},{"name":"url","type":"String"}]},"dependsOn":[]},{"name":"[concat(parameters('factoryName'), '/death_cases_source')]","type":"Microsoft.DataFactory/factories/datasets","apiVersion":"2018-06-01","properties":{"linkedServiceName":{"referenceName":"[parameters('AzureBlobStorage1')]","type":"LinkedServiceReference"},"annotations":[],"type":"DelimitedText","typeProperties":{"location":{"type":"AzureBlobStorageLocation","fileName":"cases_deaths_sample.csv","container":"demo"},"columnDelimiter":",","escapeChar":"\\","firstRowAsHeader":true,"quoteChar":"\""},"schema":[{"name":"country","type":"String"},{"name":"country_code","type":"String"},{"name":"continent","type":"String"},{"name":"population","type":"String"},{"name":"indicator","type":"String"},{"name":"daily_count","type":"String"},{"name":"date","type":"String"},{"name":"rate_14_day","type":"String"},{"name":"source","type":"String"}]},"dependsOn":[]},{"name":"[concat(parameters('factoryName'), '/Hospital_sink')]","type":"Microsoft.DataFactory/factories/datasets","apiVersion":"2018-06-01","properties":{"linkedServiceName":{"referenceName":"[parameters('AzureDataLakeStorage1')]","type":"LinkedServiceReference"},"annotations":[],"type":"DelimitedText","typeProperties":{"location":{"type":"AzureBlobFSLocation","folderPath":"hospital","fileSystem":"silver"},"columnDelimiter":",","escapeChar":"\\","firstRowAsHeader":true,"quoteChar":"\""},"schema":[]},"dependsOn":[]}]}