{"$schema":"http://schema.management.azure.com/schemas/2015-01-01/deploymentTemplate.json#","contentVersion":"1.0.0.0","parameters":{"factoryName":{"type":"string","metadata":"Data Factory name"},"AzureBlobStorage1":{"type":"string"},"AzureDataLakeStorage1":{"type":"string"}},"variables":{"factoryId":"[concat('Microsoft.DataFactory/factories/', parameters('factoryName'))]"},"resources":[{"name":"[concat(parameters('factoryName'), '/death_cases_pipeline')]","type":"Microsoft.DataFactory/factories/pipelines","apiVersion":"2018-06-01","properties":{"activities":[{"name":"death_cases","type":"ExecuteDataFlow","dependsOn":[],"policy":{"timeout":"0.12:00:00","retry":0,"retryIntervalInSeconds":30,"secureOutput":false,"secureInput":false},"userProperties":[],"typeProperties":{"dataflow":{"referenceName":"death_cases","type":"DataFlowReference","parameters":{},"datasetParameters":{"source1":{},"sink1":{}}},"staging":{},"compute":{"coreCount":8,"computeType":"General"},"traceLevel":"Fine"}}],"policy":{"elapsedTimeMetric":{}},"annotations":[]},"dependsOn":["[concat(variables('factoryId'), '/dataflows/death_cases')]"]},{"name":"[concat(parameters('factoryName'), '/death_cases')]","type":"Microsoft.DataFactory/factories/dataflows","apiVersion":"2018-06-01","properties":{"type":"MappingDataFlow","typeProperties":{"sources":[{"dataset":{"referenceName":"death_cases_source","type":"DatasetReference"},"name":"source1"}],"sinks":[{"dataset":{"referenceName":"death_cases_sink","type":"DatasetReference"},"name":"sink1"}],"transformations":[{"name":"select1"},{"name":"derivedColumn1"},{"name":"select2"},{"name":"filter1"}],"scriptLines":["source(output(","          country as string,","          country_code as string,","          continent as string,","          population as integer,","          indicator as string,","          daily_count as integer,","          date as date,","          rate_14_day as string,","          source as string","     ),","     allowSchemaDrift: true,","     validateSchema: false,","     ignoreNoFilesFound: false) ~> source1","source1 select(mapColumn(","          country,","          country_code_3_digit = country_code,","          continent,","          population,","          indicator,","          daily_count,","          reported_date = date,","          rate_14_day,","          source","     ),","     skipDuplicateMapInputs: true,","     skipDuplicateMapOutputs: true) ~> select1","select1 derive(cases_count = iif(indicator=='confirmed cases', daily_count, 0),","          deaths_count = iif(indicator=='deaths', daily_count, 0)) ~> derivedColumn1","filter1 select(mapColumn(","          country,","          country_code_3_digit,","          population,","          reported_date,","          source,","          cases_count,","          deaths_count","     ),","     skipDuplicateMapInputs: true,","     skipDuplicateMapOutputs: true) ~> select2","derivedColumn1 filter(continent=='Europe') ~> filter1","select2 sink(allowSchemaDrift: true,","     validateSchema: false,","     umask: 0022,","     preCommands: [],","     postCommands: [],","     skipDuplicateMapInputs: true,","     skipDuplicateMapOutputs: true) ~> sink1"]}},"dependsOn":["[concat(variables('factoryId'), '/datasets/death_cases_source')]","[concat(variables('factoryId'), '/datasets/death_cases_sink')]"]},{"name":"[concat(parameters('factoryName'), '/death_cases_source')]","type":"Microsoft.DataFactory/factories/datasets","apiVersion":"2018-06-01","properties":{"linkedServiceName":{"referenceName":"[parameters('AzureBlobStorage1')]","type":"LinkedServiceReference"},"annotations":[],"type":"DelimitedText","typeProperties":{"location":{"type":"AzureBlobStorageLocation","fileName":"cases_deaths_sample.csv","container":"demo"},"columnDelimiter":",","escapeChar":"\\","firstRowAsHeader":true,"quoteChar":"\""},"schema":[{"name":"country","type":"String"},{"name":"country_code","type":"String"},{"name":"continent","type":"String"},{"name":"population","type":"String"},{"name":"indicator","type":"String"},{"name":"daily_count","type":"String"},{"name":"date","type":"String"},{"name":"rate_14_day","type":"String"},{"name":"source","type":"String"}]},"dependsOn":[]},{"name":"[concat(parameters('factoryName'), '/death_cases_sink')]","type":"Microsoft.DataFactory/factories/datasets","apiVersion":"2018-06-01","properties":{"linkedServiceName":{"referenceName":"[parameters('AzureDataLakeStorage1')]","type":"LinkedServiceReference"},"annotations":[],"type":"DelimitedText","typeProperties":{"location":{"type":"AzureBlobFSLocation","fileSystem":"silver"},"columnDelimiter":",","escapeChar":"\\","firstRowAsHeader":true,"quoteChar":"\""},"schema":[]},"dependsOn":[]}]}